user,commit_url
cbegay89,https://github.com/cbegay89/PM-566-homework/commit/96382723f2141acce42652a958f26679de57504c
mbolshakova,https://github.com/mbolshakova/PM566-Homework/commit/3829e82b77a5fb6762f40967656bb03df6853ff7
jiaheche,https://github.com/jiaheche/pm566-projects/commit/f67dfd895bebec55a7ad56b6dd1bf16a23d81350
robindu552,
ameihao,https://github.com/ameihao/PM566-Homework/commit/37d17c9734b53f805360cfe3433e56c0b4e0d542
Weijia-H,https://github.com/Weijia-H/PM566-labs/commit/dc20adeded38506abc496ca8c43ccf9d1cfaa2ce
Icygrey,https://github.com/Icygrey/PM566/commit/89c67f48d9949f4f0dfb01871ab961da4d13c4f0
eshkim1021,https://github.com/eshkim1021/PM-566-HW-4/commit/a952c203119ed3cfbc42778bbf35934b4d72b399
slee2424,https://github.com/slee2424/pm566_assignments/commit/9ddc7dbdbc3a3273592650ce4faebe842f5d975c
lysethan,https://github.com/lysethan/PM566-assignments/commit/1b38f6921f18686bd04e9e4cac1f670616dba445
yina-liu,https://github.com/yina-liu/PM566-Assignments/commit/48e908f005e4e68bcc6801478876265f876ab389
ashwathkraj,
Luqing521,https://github.com/Luqing521/PM566_Assignment/commit/506e1ebc015353c2c93a5c6b7dc97612c0b6d198
bcruiz,https://github.com/bcruiz/PM566-Assignment4/commit/191ae584cd9b56b70a881f2c05e044e09fb7ae07
suyeonry,
Shan-shan-666,https://github.com/Shan-shan-666/PM566/commit/1e66f65bfdc2893357cbfb0c215eca68b46a1d71
shiyushen,https://github.com/shiyushen/PM566/commit/44d105a786f9bbd56b72e11ace3d18f281fbcb6d
asuasu95,https://github.com/asuasu95/pm566-homeworks/commit/dbe7414b620e16c317bfea674057fb56e1719491
stephtring,https://github.com/stephtring/HW2/commit/5c0793ebba733ccd01b09ffe542f41ab8b5a7494
svannord,
HopeW233,https://github.com/HopeW233/Pm566HW/commit/2f5dc3195f96609f9cae8d495d4cb287900fd66b
RuowenWang123,https://github.com/RuowenWang123/PM566-labs/commit/ab4d09a289a8d99930b69688c9e529b012273b47
jiqingwu1997,https://github.com/jiqingwu1997/PM566hw/commit/8a9957ecd720ea0d9f7b5b72013915073b2c02e5
shawnyeusc,https://github.com/shawnyeusc/PM566-Assignment/commit/fff74934f2a87f8366026fe1529cd2ee416915d3
MingzhiYe16,https://github.com/MingzhiYe16/assignment4/commit/98c53e29c4638eff3e74b36db208769c9f59ca62
hankezhe,https://github.com/hankezhe/PM566-LAB-ASSIGNMENT/commit/45fff8473043337b76a040eb31ab37426c899c26
